cvegeo,region,is_bajio,pop_band
01001,Centro-Norte,True,4
01002,Centro-Norte,True,2
01003,Centro-Norte,True,2
01004,Centro-Norte,True,1
01005,Centro-Norte,True,3
01006,Centro-Norte,True,2
01007,Centro-Norte,True,2
01008,Centro-Norte,True,1
01009,Centro-Norte,True,1
01010,Centro-Norte,True,1
01011,Centro-Norte,True,2
02001,Norte,False,3
02002,Norte,False,5
02003,Norte,False,3
02004,Norte,False,5
02005,Norte,False,3
02006,Norte,False,3
02007,Norte,False,1
03001,Norte-Occidente,False,2
03002,Norte-Occidente,False,2
03003,Norte-Occidente,False,3
03008,Norte-Occidente,False,3
03009,Norte-Occidente,False,1
04001,Sur,False,2
04002,Sur,False,3
04003,Sur,False,3
04004,Sur,False,2
04005,Sur,False,2
04006,Sur,False,2
04007,Sur,False,1
04008,Sur,False,1
04009,Sur,False,2
04010,Sur,False,2
04011,Sur,False,2
04012,Sur,False,1
04013,Sur,False,1
05001,Norte,False,1
05002,Norte,False,3
05003,Norte,False,1
05004,Norte,False,2
05005,Norte,False,1
05006,Norte,False,2
05007,Norte,False,1
05008,Norte,False,1
05009,Norte,False,2
05010,Norte,False,2
05011,Norte,False,1
05012,Norte,False,1
05013,Norte,False,1
05014,Norte,False,1
05015,Norte,False,1
05016,Norte,False,1
05017,Norte,False,3
05018,Norte,False,3
05019,Norte,False,1
05020,Norte,False,2
05021,Norte,False,1
05022,Norte,False,2
05023,Norte,False,1
05024,Norte,False,2
05025,Norte,False,3
05026,Norte,False,1
05027,Norte,False,3
05028,Norte,False,2
05029,Norte,False,1
05030,Norte,False,4
05031,Norte,False,2
05032,Norte,False,2
05033,Norte,False,3
05034,Norte,False,1
05035,Norte,False,4
05036,Norte,False,1
05037,Norte,False,1
05038,Norte,False,1
06001,Centro-Norte,False,2
06002,Centro-Norte,False,3
06003,Centro-Norte,False,1
06004,Centro-Norte,False,1
06005,Centro-Norte,False,2
06006,Centro-Norte,False,1
06007,Centro-Norte,False,3
06008,Centro-Norte,False,1
06009,Centro-Norte,False,3
06010,Centro-Norte,False,3
07001,Sur,False,1
07002,Sur,False,1
07003,Sur,False,2
07004,Sur,False,2
07005,Sur,False,2
07006,Sur,False,2
07007,Sur,False,1
07008,Sur,False,2
07009,Sur,False,2
07010,Sur,False,1
07011,Sur,False,1
07012,Sur,False,2
07013,Sur,False,2
07014,Sur,False,2
07015,Sur,False,2
07016,Sur,False,1
07017,Sur,False,2
07018,Sur,False,1
07019,Sur,False,3
07020,Sur,False,2
07021,Sur,False,1
07022,Sur,False,1
07023,Sur,False,3
07024,Sur,False,1
07025,Sur,False,1
07026,Sur,False,2
07027,Sur,False,3
07028,Sur,False,1
07029,Sur,False,1
07030,Sur,False,2
07031,Sur,False,3
07032,Sur,False,2
07033,Sur,False,1
07034,Sur,False,2
07035,Sur,False,1
07036,Sur,False,1
07037,Sur,False,2
07038,Sur,False,1
07039,Sur,False,2
07040,Sur,False,2
07041,Sur,False,2
07042,Sur,False,1
07043,Sur,False,1
07044,Sur,False,2
07045,Sur,False,1
07046,Sur,False,2
07047,Sur,False,2
07048,Sur,False,1
07049,Sur,False,2
07050,Sur,False,1
07051,Sur,False,2
07052,Sur,False,3
07053,Sur,False,1
07054,Sur,False,2
07055,Sur,False,1
07056,Sur,False,1
07057,Sur,False,2
07058,Sur,False,1
07059,Sur,False,3
07060,Sur,False,1
07061,Sur,False,3
07062,Sur,False,1
07063,Sur,False,1
07064,Sur,False,2
07065,Sur,False,3
07066,Sur,False,2
07067,Sur,False,1
07068,Sur,False,2
07069,Sur,False,2
07070,Sur,False,1
07071,Sur,False,2
07072,Sur,False,2
07073,Sur,False,1
07074,Sur,False,2
07075,Sur,False,2
07076,Sur,False,2
07077,Sur,False,2
07078,Sur,False,3
07079,Sur,False,2
07080,Sur,False,2
07081,Sur,False,2
07082,Sur,False,1
07083,Sur,False,1
07084,Sur,False,1
07085,Sur,False,1
07086,Sur,False,2
07087,Sur,False,2
07088,Sur,False,1
07089,Sur,False,3
07090,Sur,False,1
07091,Sur,False,1
07092,Sur,False,1
07093,Sur,False,2
07094,Sur,False,2
07096,Sur,False,2
07097,Sur,False,2
07098,Sur,False,1
07099,Sur,False,2
07100,Sur,False,2
07101,Sur,False,4
07102,Sur,False,2
07103,Sur,False,2
07104,Sur,False,1
07105,Sur,False,1
07106,Sur,False,2
07107,Sur,False,2
07108,Sur,False,3
07109,Sur,False,2
07110,Sur,False,1
07111,Sur,False,2
07112,Sur,False,2
07113,Sur,False,1
07114,Sur,False,1
07115,Sur,False,1
07116,Sur,False,1
07117,Sur,False,1
07118,Sur,False,1
07119,Sur,False,1
07120,Sur,False,1
07121,Sur,False,1
07122,Sur,False,1
07123,Sur,False,1
07124,Sur,False,1
07125,Sur,False,1
08001,Norte,False,1
08002,Norte,False,2
08003,Norte,False,1
08004,Norte,False,2
08005,Norte,False,2
08006,Norte,False,1
08007,Norte,False,1
08008,Norte,False,1
08009,Norte,False,1
08010,Norte,False,2
08011,Norte,False,2
08012,Norte,False,1
08013,Norte,False,1
08014,Norte,False,1
08015,Norte,False,1
08016,Norte,False,1
08017,Norte,False,3
08018,Norte,False,1
08019,Norte,False,4
08020,Norte,False,1
08021,Norte,False,3
08022,Norte,False,1
08023,Norte,False,1
08024,Norte,False,1
08025,Norte,False,1
08026,Norte,False,1
08027,Norte,False,2
08028,Norte,False,1
08029,Norte,False,2
08030,Norte,False,1
08031,Norte,False,2
08032,Norte,False,3
08033,Norte,False,1
08034,Norte,False,1
08035,Norte,False,1
08036,Norte,False,2
08037,Norte,False,5
08038,Norte,False,1
08039,Norte,False,1
08040,Norte,False,2
08041,Norte,False,1
08042,Norte,False,1
08043,Norte,False,1
08044,Norte,False,1
08045,Norte,False,2
08046,Norte,False,1
08047,Norte,False,1
08048,Norte,False,1
08049,Norte,False,1
08050,Norte,False,2
08051,Norte,False,1
08052,Norte,False,1
08053,Norte,False,1
08054,Norte,False,1
08055,Norte,False,1
08056,Norte,False,1
08057,Norte,False,1
08058,Norte,False,1
08059,Norte,False,1
08060,Norte,False,1
08061,Norte,False,1
08062,Norte,False,2
08063,Norte,False,1
08064,Norte,False,1
08065,Norte,False,1
08066,Norte,False,1
08067,Norte,False,1
09002,Centro,False,3
09003,Centro,False,4
09004,Centro,False,3
09005,Centro,False,5
09006,Centro,False,3
09007,Centro,False,5
09008,Centro,False,3
09009,Centro,False,3
09010,Centro,False,4
09011,Centro,False,3
09012,Centro,False,4
09013,Centro,False,3
09014,Centro,False,3
09015,Centro,False,4
09016,Centro,False,3
09017,Centro,False,3
10001,Norte-Occidente,False,2
10002,Norte-Occidente,False,1
10003,Norte-Occidente,False,1
10004,Norte-Occidente,False,2
10005,Norte-Occidente,False,4
10006,Norte-Occidente,False,1
10007,Norte-Occidente,False,3
10008,Norte-Occidente,False,2
10009,Norte-Occidente,False,1
10010,Norte-Occidente,False,1
10011,Norte-Occidente,False,1
10012,Norte-Occidente,False,3
10013,Norte-Occidente,False,2
10014,Norte-Occidente,False,2
10015,Norte-Occidente,False,1
10016,Norte-Occidente,False,1
10017,Norte-Occidente,False,1
10018,Norte-Occidente,False,1
10019,Norte-Occidente,False,1
10020,Norte-Occidente,False,1
10021,Norte-Occidente,False,1
10022,Norte-Occidente,False,2
10023,Norte-Occidente,False,2
10024,Norte-Occidente,False,1
10025,Norte-Occidente,False,1
10026,Norte-Occidente,False,1
10027,Norte-Occidente,False,1
10028,Norte-Occidente,False,1
10029,Norte-Occidente,False,1
10030,Norte-Occidente,False,1
10031,Norte-Occidente,False,1
10032,Norte-Occidente,False,2
10033,Norte-Occidente,False,1
10034,Norte-Occidente,False,2
10035,Norte-Occidente,False,1
10036,Norte-Occidente,False,1
10037,Norte-Occidente,False,1
10038,Norte-Occidente,False,1
10039,Norte-Occidente,False,2
11001,Centro,True,2
11002,Centro,True,3
11003,Centro,True,3
11004,Centro,True,2
11005,Centro,True,3
11006,Centro,True,1
11007,Centro,True,4
11008,Centro,True,2
11009,Centro,True,2
11010,Centro,True,1
11011,Centro,True,2
11012,Centro,True,2
11013,Centro,True,2
11014,Centro,True,3
11015,Centro,True,3
11016,Centro,True,1
11017,Centro,True,4
11018,Centro,True,2
11019,Centro,True,2
11020,Centro,True,5
11021,Centro,True,2
11022,Centro,True,2
11023,Centro,True,3
11024,Centro,True,1
11025,Centro,True,2
11026,Centro,True,2
11027,Centro,True,3
11028,Centro,True,2
11029,Centro,True,2
11030,Centro,True,3
11031,Centro,True,3
11032,Centro,True,2
11033,Centro,True,3
11034,Centro,True,1
11035,Centro,True,2
11036,Centro,True,1
11037,Centro,True,3
11038,Centro,True,1
11039,Centro,True,2
11040,Centro,True,1
11041,Centro,True,2
11042,Centro,True,3
11043,Centro,True,1
11044,Centro,True,2
11045,Centro,True,1
11046,Centro,True,2
12001,Sur,False,4
12002,Sur,False,2
12003,Sur,False,2
12004,Sur,False,1
12005,Sur,False,1
12006,Sur,False,1
12007,Sur,False,2
12008,Sur,False,1
12009,Sur,False,1
12010,Sur,False,2
12011,Sur,False,2
12012,Sur,False,2
12013,Sur,False,1
12014,Sur,False,1
12015,Sur,False,1
12016,Sur,False,1
12017,Sur,False,1
12018,Sur,False,1
12019,Sur,False,1
12020,Sur,False,1
12021,Sur,False,2
12022,Sur,False,2
12023,Sur,False,1
12024,Sur,False,1
12025,Sur,False,1
12026,Sur,False,1
12027,Sur,False,1
12028,Sur,False,3
12029,Sur,False,3
12030,Sur,False,1
12031,Sur,False,1
12032,Sur,False,2
12033,Sur,False,1
12034,Sur,False,2
12035,Sur,False,3
12036,Sur,False,1
12037,Sur,False,1
12038,Sur,False,3
12039,Sur,False,2
12040,Sur,False,2
12041,Sur,False,1
12042,Sur,False,1
12043,Sur,False,1
12044,Sur,False,1
12045,Sur,False,2
12046,Sur,False,2
12047,Sur,False,1
12048,Sur,False,2
12049,Sur,False,1
12050,Sur,False,2
12051,Sur,False,2
12052,Sur,False,2
12053,Sur,False,2
12054,Sur,False,1
12055,Sur,False,3
12056,Sur,False,2
12057,Sur,False,2
12058,Sur,False,2
12059,Sur,False,2
12060,Sur,False,1
12061,Sur,False,2
12062,Sur,False,1
12063,Sur,False,1
12064,Sur,False,1
12065,Sur,False,1
12066,Sur,False,2
12067,Sur,False,1
12068,Sur,False,2
12069,Sur,False,1
12070,Sur,False,1
12071,Sur,False,2
12072,Sur,False,1
12073,Sur,False,1
12074,Sur,False,1
12075,Sur,False,2
12076,Sur,False,2
12077,Sur,False,1
12078,Sur,False,1
12079,Sur,False,1
12080,Sur,False,1
12081,Sur,False,1
12082,Sur,False,1
12083,Sur,False,1
12084,Sur,False,1
12085,Sur,False,1
13001,Centro,False,1
13002,Centro,False,2
13003,Centro,False,2
13004,Centro,False,1
13005,Centro,False,1
13006,Centro,False,1
13007,Centro,False,1
13008,Centro,False,2
13009,Centro,False,1
13010,Centro,False,2
13011,Centro,False,1
13012,Centro,False,2
13013,Centro,False,2
13014,Centro,False,1
13015,Centro,False,1
13016,Centro,False,2
13017,Centro,False,1
13018,Centro,False,1
13019,Centro,False,1
13020,Centro,False,1
13021,Centro,False,1
13022,Centro,False,1
13023,Centro,False,2
13024,Centro,False,1
13025,Centro,False,1
13026,Centro,False,1
13027,Centro,False,1
13028,Centro,False,3
13029,Centro,False,2
13030,Centro,False,2
13031,Centro,False,1
13032,Centro,False,1
13033,Centro,False,1
13034,Centro,False,1
13035,Centro,False,1
13036,Centro,False,1
13037,Centro,False,1
13038,Centro,False,1
13039,Centro,False,1
13040,Centro,False,1
13041,Centro,False,2
13042,Centro,False,1
13043,Centro,False,1
13044,Centro,False,1
13045,Centro,False,1
13046,Centro,False,2
13047,Centro,False,1
13048,Centro,False,3
13049,Centro,False,1
13050,Centro,False,1
13051,Centro,False,3
13052,Centro,False,2
13053,Centro,False,1
13054,Centro,False,2
13055,Centro,False,1
13056,Centro,False,2
13057,Centro,False,1
13058,Centro,False,1
13059,Centro,False,2
13060,Centro,False,1
13061,Centro,False,2
13062,Centro,False,2
13063,Centro,False,2
13064,Centro,False,1
13065,Centro,False,1
13066,Centro,False,1
13067,Centro,False,2
13068,Centro,False,1
13069,Centro,False,3
13070,Centro,False,1
13071,Centro,False,1
13072,Centro,False,1
13073,Centro,False,2
13074,Centro,False,2
13075,Centro,False,1
13076,Centro,False,3
13077,Centro,False,3
13078,Centro,False,1
13079,Centro,False,1
13080,Centro,False,1
13081,Centro,False,2
13082,Centro,False,1
13083,Centro,False,2
13084,Centro,False,2
14001,Centro-Norte,True,1
14002,Centro-Norte,False,2
14003,Centro-Norte,True,1
14004,Centro-Norte,False,1
14005,Centro-Norte,True,1
14006,Centro-Norte,True,2
14007,Centro-Norte,True,1
14008,Centro-Norte,True,2
14009,Centro-Norte,True,1
14010,Centro-Norte,False,1
14011,Centro-Norte,False,1
14012,Centro-Norte,False,1
14013,Centro-Norte,True,2
14014,Centro-Norte,False,1
14015,Centro-Norte,False,2
14016,Centro-Norte,True,2
14017,Centro-Norte,False,1
14018,Centro-Norte,True,2
14019,Centro-Norte,False,1
14020,Centro-Norte,False,1
14021,Centro-Norte,False,1
14022,Centro-Norte,False,2
14023,Centro-Norte,False,3
14024,Centro-Norte,True,2
14025,Centro-Norte,False,1
14026,Centro-Norte,False,1
14027,Centro-Norte,False,1
14028,Centro-Norte,False,1
14029,Centro-Norte,True,1
14030,Centro-Norte,False,2
14031,Centro-Norte,False,1
14032,Centro-Norte,False,1
14033,Centro-Norte,True,1
14034,Centro-Norte,False,1
14035,Centro-Norte,True,2
14036,Centro-Norte,True,1
14037,Centro-Norte,False,2
14038,Centro-Norte,False,1
14039,Centro-Norte,True,5
14040,Centro-Norte,True,1
14041,Centro-Norte,False,1
14042,Centro-Norte,False,1
14043,Centro-Norte,False,1
14044,Centro-Norte,True,2
14045,Centro-Norte,False,1
14046,Centro-Norte,True,2
14047,Centro-Norte,True,2
14048,Centro-Norte,True,1
14049,Centro-Norte,False,1
14050,Centro-Norte,False,2
14051,Centro-Norte,True,2
14052,Centro-Norte,False,1
14053,Centro-Norte,True,3
14054,Centro-Norte,False,1
14055,Centro-Norte,True,1
14056,Centro-Norte,False,1
14057,Centro-Norte,False,1
14058,Centro-Norte,False,1
14059,Centro-Norte,False,1
14060,Centro-Norte,True,1
14061,Centro-Norte,False,1
14062,Centro-Norte,False,1
14063,Centro-Norte,True,3
14064,Centro-Norte,True,2
14065,Centro-Norte,False,1
14066,Centro-Norte,True,2
14067,Centro-Norte,False,3
14068,Centro-Norte,False,1
14069,Centro-Norte,False,1
14070,Centro-Norte,True,3
14071,Centro-Norte,False,1
14072,Centro-Norte,True,1
14073,Centro-Norte,True,2
14074,Centro-Norte,True,1
14075,Centro-Norte,True,1
14076,Centro-Norte,False,1
14077,Centro-Norte,False,2
14078,Centro-Norte,True,2
14079,Centro-Norte,False,1
14080,Centro-Norte,False,1
14081,Centro-Norte,False,1
14082,Centro-Norte,False,2
14083,Centro-Norte,True,2
14084,Centro-Norte,False,1
14085,Centro-Norte,False,2
14086,Centro-Norte,False,1
14087,Centro-Norte,False,1
14088,Centro-Norte,False,1
14089,Centro-Norte,False,1
14090,Centro-Norte,False,1
14091,Centro-Norte,True,2
14092,Centro-Norte,False,1
14093,Centro-Norte,True,3
14094,Centro-Norte,True,2
14095,Centro-Norte,True,1
14096,Centro-Norte,False,1
14097,Centro-Norte,True,4
14098,Centro-Norte,True,4
14099,Centro-Norte,False,1
14100,Centro-Norte,False,2
14101,Centro-Norte,True,4
14102,Centro-Norte,False,1
14103,Centro-Norte,False,1
14104,Centro-Norte,False,1
14105,Centro-Norte,True,1
14106,Centro-Norte,False,1
14107,Centro-Norte,False,1
14108,Centro-Norte,False,2
14109,Centro-Norte,True,1
14110,Centro-Norte,False,1
14111,Centro-Norte,True,1
14112,Centro-Norte,False,1
14113,Centro-Norte,False,1
14114,Centro-Norte,False,1
14115,Centro-Norte,False,1
14116,Centro-Norte,True,1
14117,Centro-Norte,True,1
14118,Centro-Norte,False,1
14119,Centro-Norte,False,2
14120,Centro-Norte,True,5
14121,Centro-Norte,False,2
14122,Centro-Norte,False,1
14123,Centro-Norte,True,1
14124,Centro-Norte,True,2
14125,Centro-Norte,False,1
15001,Centro,False,2
15002,Centro,False,3
15003,Centro,False,2
15004,Centro,False,1
15005,Centro,False,3
15006,Centro,False,1
15007,Centro,False,1
15008,Centro,False,2
15009,Centro,False,2
15010,Centro,False,2
15011,Centro,False,2
15012,Centro,False,1
15013,Centro,False,4
15014,Centro,False,3
15015,Centro,False,2
15016,Centro,False,2
15017,Centro,False,1
15018,Centro,False,2
15019,Centro,False,2
15020,Centro,False,3
15021,Centro,False,2
15022,Centro,False,1
15023,Centro,False,2
15024,Centro,False,3
15025,Centro,False,3
15026,Centro,False,2
15027,Centro,False,1
15028,Centro,False,2
15029,Centro,False,3
15030,Centro,False,2
15031,Centro,False,4
15032,Centro,False,2
15033,Centro,False,5
15034,Centro,False,1
15035,Centro,False,3
15036,Centro,False,2
15037,Centro,False,3
15038,Centro,False,1
15039,Centro,False,4
15040,Centro,False,2
15041,Centro,False,1
15042,Centro,False,3
15043,Centro,False,2
15044,Centro,False,2
15045,Centro,False,2
15046,Centro,False,1
15047,Centro,False,2
15048,Centro,False,2
15049,Centro,False,1
15050,Centro,False,2
15051,Centro,False,3
15052,Centro,False,2
15053,Centro,False,2
15054,Centro,False,3
15055,Centro,False,1
15056,Centro,False,2
15057,Centro,False,4
15058,Centro,False,5
15059,Centro,False,2
15060,Centro,False,3
15061,Centro,False,1
15062,Centro,False,2
15063,Centro,False,2
15064,Centro,False,2
15065,Centro,False,2
15066,Centro,False,1
15067,Centro,False,2
15068,Centro,False,2
15069,Centro,False,1
15070,Centro,False,3
15071,Centro,False,1
15072,Centro,False,1
15073,Centro,False,2
15074,Centro,False,3
15075,Centro,False,2
15076,Centro,False,3
15077,Centro,False,1
15078,Centro,False,1
15079,Centro,False,1
15080,Centro,False,1
15081,Centro,False,4
15082,Centro,False,2
15083,Centro,False,1
15084,Centro,False,2
15085,Centro,False,2
15086,Centro,False,2
15087,Centro,False,3
15088,Centro,False,3
15089,Centro,False,1
15090,Centro,False,2
15091,Centro,False,2
15092,Centro,False,2
15093,Centro,False,2
15094,Centro,False,1
15095,Centro,False,3
15096,Centro,False,2
15097,Centro,False,1
15098,Centro,False,1
15099,Centro,False,3
15100,Centro,False,2
15101,Centro,False,2
15102,Centro,False,1
15103,Centro,False,2
15104,Centro,False,4
15105,Centro,False,2
15106,Centro,False,4
15107,Centro,False,1
15108,Centro,False,3
15109,Centro,False,4
15110,Centro,False,2
15111,Centro,False,2
15112,Centro,False,2
15113,Centro,False,2
15114,Centro,False,3
15115,Centro,False,2
15116,Centro,False,1
15117,Centro,False,1
15118,Centro,False,3
15119,Centro,False,1
15120,Centro,False,3
15121,Centro,False,4
15122,Centro,False,3
15123,Centro,False,2
15124,Centro,False,3
15125,Centro,False,1
16001,Centro-Norte,False,1
16002,Centro-Norte,False,1
16003,Centro-Norte,True,1
16004,Centro-Norte,True,1
16005,Centro-Norte,True,1
16006,Centro-Norte,False,3
16007,Centro-Norte,False,1
16008,Centro-Norte,False,2
16009,Centro-Norte,False,2
16010,Centro-Norte,False,1
16011,Centro-Norte,False,1
16012,Centro-Norte,False,2
16013,Centro-Norte,False,1
16014,Centro-Norte,False,1
16015,Centro-Norte,False,1
16016,Centro-Norte,False,1
16017,Centro-Norte,False,2
16018,Centro-Norte,False,1
16019,Centro-Norte,False,1
16020,Centro-Norte,True,2
16021,Centro-Norte,False,1
16022,Centro-Norte,False,2
16023,Centro-Norte,False,1
16024,Centro-Norte,False,1
16025,Centro-Norte,False,2
16026,Centro-Norte,False,1
16027,Centro-Norte,False,1
16028,Centro-Norte,True,1
16029,Centro-Norte,False,1
16030,Centro-Norte,True,1
16031,Centro-Norte,False,1
16032,Centro-Norte,False,1
16033,Centro-Norte,False,1
16034,Centro-Norte,False,3
16035,Centro-Norte,False,2
16036,Centro-Norte,False,1
16037,Centro-Norte,True,1
16038,Centro-Norte,False,2
16039,Centro-Norte,False,1
16040,Centro-Norte,True,1
16041,Centro-Norte,True,1
16042,Centro-Norte,False,1
16043,Centro-Norte,False,2
16044,Centro-Norte,True,1
16045,Centro-Norte,False,2
16046,Centro-Norte,False,1
16047,Centro-Norte,False,1
16048,Centro-Norte,True,1
16049,Centro-Norte,False,1
16050,Centro-Norte,True,2
16051,Centro-Norte,False,1
16052,Centro-Norte,False,3
16053,Centro-Norte,True,4
16054,Centro-Norte,True,1
16055,Centro-Norte,False,2
16056,Centro-Norte,False,2
16057,Centro-Norte,False,1
16058,Centro-Norte,False,1
16059,Centro-Norte,False,1
16060,Centro-Norte,False,1
16061,Centro-Norte,False,2
16062,Centro-Norte,False,1
16063,Centro-Norte,True,1
16064,Centro-Norte,False,2
16065,Centro-Norte,False,2
16066,Centro-Norte,False,3
16067,Centro-Norte,True,1
16068,Centro-Norte,False,2
16069,Centro-Norte,True,3
16070,Centro-Norte,True,1
16071,Centro-Norte,True,2
16072,Centro-Norte,True,1
16073,Centro-Norte,False,2
16074,Centro-Norte,False,1
16075,Centro-Norte,False,2
16076,Centro-Norte,False,2
16077,Centro-Norte,False,1
16078,Centro-Norte,True,1
16079,Centro-Norte,False,2
16080,Centro-Norte,True,1
16081,Centro-Norte,False,1
16082,Centro-Norte,False,2
16083,Centro-Norte,False,2
16084,Centro-Norte,False,2
16085,Centro-Norte,True,2
16086,Centro-Norte,True,1
16087,Centro-Norte,False,1
16088,Centro-Norte,True,3
16089,Centro-Norte,False,1
16090,Centro-Norte,False,1
16091,Centro-Norte,False,1
16092,Centro-Norte,False,1
16093,Centro-Norte,True,2
16094,Centro-Norte,True,1
16095,Centro-Norte,False,1
16096,Centro-Norte,False,1
16097,Centro-Norte,False,2
16098,Centro-Norte,True,2
16099,Centro-Norte,False,1
16100,Centro-Norte,False,1
16101,Centro-Norte,False,1
16102,Centro-Norte,False,3
16103,Centro-Norte,False,1
16104,Centro-Norte,False,1
16105,Centro-Norte,False,1
16106,Centro-Norte,True,2
16107,Centro-Norte,True,2
16108,Centro-Norte,False,3
16109,Centro-Norte,True,1
16110,Centro-Norte,False,2
16111,Centro-Norte,False,1
16112,Centro-Norte,False,3
16113,Centro-Norte,True,2
17001,Centro,False,1
17002,Centro,False,2
17003,Centro,False,2
17004,Centro,False,2
17005,Centro,False,1
17006,Centro,False,3
17007,Centro,False,3
17008,Centro,False,3
17009,Centro,False,2
17010,Centro,False,1
17011,Centro,False,3
17012,Centro,False,2
17013,Centro,False,1
17014,Centro,False,1
17015,Centro,False,1
17016,Centro,False,1
17017,Centro,False,2
17018,Centro,False,3
17019,Centro,False,2
17020,Centro,False,2
17021,Centro,False,1
17022,Centro,False,1
17023,Centro,False,1
17024,Centro,False,2
17025,Centro,False,2
17026,Centro,False,1
17027,Centro,False,1
17028,Centro,False,2
17029,Centro,False,3
17030,Centro,False,2
17031,Centro,False,2
17032,Centro,False,1
17033,Centro,False,1
17034,Centro,False,1
17035,Centro,False,2
17036,Centro,False,1
18001,Norte-Occidente,False,2
18002,Norte-Occidente,False,1
18003,Norte-Occidente,False,1
18004,Norte-Occidente,False,2
18005,Norte-Occidente,False,1
18006,Norte-Occidente,False,2
18007,Norte-Occidente,False,1
18008,Norte-Occidente,False,2
18009,Norte-Occidente,False,2
18010,Norte-Occidente,False,2
18011,Norte-Occidente,False,1
18012,Norte-Occidente,False,2
18013,Norte-Occidente,False,1
18014,Norte-Occidente,False,2
18015,Norte-Occidente,False,2
18016,Norte-Occidente,False,2
18017,Norte-Occidente,False,3
18018,Norte-Occidente,False,2
18019,Norte-Occidente,False,1
18020,Norte-Occidente,False,3
19001,Norte,False,1
19002,Norte,False,1
19003,Norte,False,1
19004,Norte,False,2
19005,Norte,False,1
19006,Norte,False,4
19007,Norte,False,1
19008,Norte,False,1
19009,Norte,False,3
19010,Norte,False,3
19011,Norte,False,1
19012,Norte,False,2
19013,Norte,False,1
19014,Norte,False,2
19015,Norte,False,1
19016,Norte,False,1
19017,Norte,False,2
19018,Norte,False,3
19019,Norte,False,3
19020,Norte,False,1
19021,Norte,False,3
19022,Norte,False,1
19023,Norte,False,1
19024,Norte,False,1
19025,Norte,False,3
19026,Norte,False,4
19027,Norte,False,1
19028,Norte,False,1
19029,Norte,False,1
19030,Norte,False,1
19031,Norte,False,3
19032,Norte,False,1
19033,Norte,False,2
19034,Norte,False,1
19035,Norte,False,1
19036,Norte,False,1
19037,Norte,False,1
19038,Norte,False,2
19039,Norte,False,5
19040,Norte,False,1
19041,Norte,False,3
19042,Norte,False,1
19043,Norte,False,1
19044,Norte,False,2
19045,Norte,False,2
19046,Norte,False,3
19047,Norte,False,1
19048,Norte,False,3
19049,Norte,False,2
19050,Norte,False,1
19051,Norte,False,1
20001,Sur,False,1
20002,Sur,False,2
20003,Sur,False,1
20004,Sur,False,1
20005,Sur,False,1
20006,Sur,False,1
20007,Sur,False,1
20008,Sur,False,1
20009,Sur,False,1
20010,Sur,False,1
20011,Sur,False,1
20012,Sur,False,1
20013,Sur,False,1
20014,Sur,False,2
20015,Sur,False,1
20016,Sur,False,1
20017,Sur,False,1
20018,Sur,False,1
20019,Sur,False,1
20020,Sur,False,1
20021,Sur,False,1
20022,Sur,False,1
20023,Sur,False,2
20024,Sur,False,1
20025,Sur,False,1
20026,Sur,False,1
20027,Sur,False,1
20028,Sur,False,1
20029,Sur,False,1
20030,Sur,False,1
20031,Sur,False,1
20032,Sur,False,1
20033,Sur,False,1
20034,Sur,False,1
20035,Sur,False,1
20036,Sur,False,1
20037,Sur,False,1
20038,Sur,False,1
20039,Sur,False,2
20040,Sur,False,1
20041,Sur,False,2
20042,Sur,False,1
20043,Sur,False,3
20044,Sur,False,2
20045,Sur,False,1
20046,Sur,False,1
20047,Sur,False,1
20048,Sur,False,1
20049,Sur,False,1
20050,Sur,False,1
20051,Sur,False,1
20052,Sur,False,1
20053,Sur,False,1
20054,Sur,False,1
20055,Sur,False,1
20056,Sur,False,1
20057,Sur,False,2
20058,Sur,False,1
20059,Sur,False,2
20060,Sur,False,1
20061,Sur,False,1
20062,Sur,False,1
20063,Sur,False,1
20064,Sur,False,1
20065,Sur,False,1
20066,Sur,False,1
20067,Sur,False,3
20068,Sur,False,1
20069,Sur,False,1
20070,Sur,False,1
20071,Sur,False,1
20072,Sur,False,1
20073,Sur,False,2
20074,Sur,False,1
20075,Sur,False,1
20076,Sur,False,1
20077,Sur,False,1
20078,Sur,False,1
20079,Sur,False,2
20080,Sur,False,1
20081,Sur,False,1
20082,Sur,False,1
20083,Sur,False,1
20084,Sur,False,1
20085,Sur,False,2
20086,Sur,False,1
20087,Sur,False,1
20088,Sur,False,1
20089,Sur,False,1
20090,Sur,False,1
20091,Sur,False,1
20092,Sur,False,1
20093,Sur,False,1
20094,Sur,False,1
20095,Sur,False,1
20096,Sur,False,1
20097,Sur,False,1
20098,Sur,False,1
20099,Sur,False,1
20100,Sur,False,1
20101,Sur,False,1
20102,Sur,False,1
20103,Sur,False,1
20104,Sur,False,1
20105,Sur,False,1
20106,Sur,False,1
20107,Sur,False,2
20108,Sur,False,1
20109,Sur,False,1
20110,Sur,False,1
20111,Sur,False,1
20112,Sur,False,1
20113,Sur,False,1
20114,Sur,False,1
20115,Sur,False,1
20116,Sur,False,1
20117,Sur,False,1
20118,Sur,False,1
20119,Sur,False,1
20120,Sur,False,1
20121,Sur,False,1
20122,Sur,False,1
20123,Sur,False,1
20124,Sur,False,1
20125,Sur,False,1
20126,Sur,False,1
20127,Sur,False,1
20128,Sur,False,1
20129,Sur,False,1
20130,Sur,False,1
20131,Sur,False,1
20132,Sur,False,1
20133,Sur,False,1
20134,Sur,False,2
20135,Sur,False,1
20136,Sur,False,1
20137,Sur,False,1
20138,Sur,False,1
20139,Sur,False,1
20140,Sur,False,1
20141,Sur,False,1
20142,Sur,False,1
20143,Sur,False,1
20144,Sur,False,1
20145,Sur,False,1
20146,Sur,False,1
20147,Sur,False,1
20148,Sur,False,1
20149,Sur,False,1
20150,Sur,False,1
20151,Sur,False,1
20152,Sur,False,1
20153,Sur,False,1
20154,Sur,False,1
20155,Sur,False,1
20156,Sur,False,1
20157,Sur,False,1
20158,Sur,False,1
20159,Sur,False,1
20160,Sur,False,1
20161,Sur,False,1
20162,Sur,False,1
20163,Sur,False,1
20164,Sur,False,1
20165,Sur,False,1
20166,Sur,False,1
20167,Sur,False,1
20168,Sur,False,1
20169,Sur,False,1
20170,Sur,False,1
20171,Sur,False,1
20172,Sur,False,1
20173,Sur,False,1
20174,Sur,False,1
20175,Sur,False,1
20176,Sur,False,1
20177,Sur,False,1
20178,Sur,False,1
20179,Sur,False,1
20180,Sur,False,1
20181,Sur,False,1
20182,Sur,False,1
20183,Sur,False,1
20184,Sur,False,3
20185,Sur,False,1
20186,Sur,False,1
20187,Sur,False,1
20188,Sur,False,1
20189,Sur,False,1
20190,Sur,False,1
20191,Sur,False,1
20192,Sur,False,1
20193,Sur,False,1
20194,Sur,False,1
20195,Sur,False,1
20196,Sur,False,1
20197,Sur,False,1
20198,Sur,False,2
20199,Sur,False,1
20200,Sur,False,1
20201,Sur,False,1
20202,Sur,False,1
20203,Sur,False,1
20204,Sur,False,1
20205,Sur,False,1
20206,Sur,False,1
20207,Sur,False,1
20208,Sur,False,1
20209,Sur,False,1
20210,Sur,False,1
20211,Sur,False,1
20212,Sur,False,1
20213,Sur,False,1
20214,Sur,False,1
20215,Sur,False,1
20216,Sur,False,1
20217,Sur,False,1
20218,Sur,False,1
20219,Sur,False,1
20220,Sur,False,1
20221,Sur,False,1
20222,Sur,False,1
20223,Sur,False,1
20224,Sur,False,1
20225,Sur,False,1
20226,Sur,False,1
20227,Sur,False,1
20228,Sur,False,1
20229,Sur,False,1
20230,Sur,False,1
20231,Sur,False,1
20232,Sur,False,1
20233,Sur,False,1
20234,Sur,False,1
20235,Sur,False,1
20236,Sur,False,1
20237,Sur,False,1
20238,Sur,False,1
20239,Sur,False,1
20240,Sur,False,1
20241,Sur,False,1
20242,Sur,False,1
20243,Sur,False,1
20244,Sur,False,1
20245,Sur,False,1
20246,Sur,False,1
20247,Sur,False,1
20248,Sur,False,1
20249,Sur,False,1
20250,Sur,False,1
20251,Sur,False,1
20252,Sur,False,1
20253,Sur,False,1
20254,Sur,False,1
20255,Sur,False,1
20256,Sur,False,1
20257,Sur,False,1
20258,Sur,False,1
20259,Sur,False,1
20260,Sur,False,1
20261,Sur,False,1
20262,Sur,False,1
20263,Sur,False,1
20264,Sur,False,1
20265,Sur,False,1
20266,Sur,False,1
20267,Sur,False,1
20268,Sur,False,1
20269,Sur,False,1
20270,Sur,False,1
20271,Sur,False,1
20272,Sur,False,1
20273,Sur,False,1
20274,Sur,False,1
20275,Sur,False,1
20276,Sur,False,1
20277,Sur,False,1
20278,Sur,False,2
20279,Sur,False,1
20280,Sur,False,1
20281,Sur,False,1
20282,Sur,False,1
20283,Sur,False,1
20284,Sur,False,1
20285,Sur,False,1
20286,Sur,False,1
20287,Sur,False,1
20288,Sur,False,1
20289,Sur,False,1
20290,Sur,False,1
20291,Sur,False,1
20292,Sur,False,1
20293,Sur,False,1
20294,Sur,False,1
20295,Sur,False,1
20296,Sur,False,1
20297,Sur,False,1
20298,Sur,False,1
20299,Sur,False,1
20300,Sur,False,1
20301,Sur,False,1
20302,Sur,False,1
20303,Sur,False,1
20304,Sur,False,1
20305,Sur,False,1
20306,Sur,False,1
20307,Sur,False,1
20308,Sur,False,1
20309,Sur,False,1
20310,Sur,False,1
20311,Sur,False,1
20312,Sur,False,1
20313,Sur,False,1
20314,Sur,False,1
20315,Sur,False,1
20316,Sur,False,1
20317,Sur,False,1
20318,Sur,False,2
20319,Sur,False,1
20320,Sur,False,1
20321,Sur,False,1
20322,Sur,False,1
20323,Sur,False,1
20324,Sur,False,2
20325,Sur,False,1
20326,Sur,False,1
20327,Sur,False,1
20328,Sur,False,1
20329,Sur,False,1
20330,Sur,False,1
20331,Sur,False,1
20332,Sur,False,1
20333,Sur,False,1
20334,Sur,False,2
20335,Sur,False,1
20336,Sur,False,1
20337,Sur,False,1
20338,Sur,False,1
20339,Sur,False,1
20340,Sur,False,1
20341,Sur,False,1
20342,Sur,False,1
20343,Sur,False,1
20344,Sur,False,1
20345,Sur,False,1
20346,Sur,False,1
20347,Sur,False,1
20348,Sur,False,1
20349,Sur,False,1
20350,Sur,False,1
20351,Sur,False,1
20352,Sur,False,1
20353,Sur,False,1
20354,Sur,False,1
20355,Sur,False,1
20356,Sur,False,1
20357,Sur,False,1
20358,Sur,False,1
20359,Sur,False,1
20360,Sur,False,1
20361,Sur,False,1
20362,Sur,False,1
20363,Sur,False,1
20364,Sur,False,1
20365,Sur,False,1
20366,Sur,False,1
20367,Sur,False,1
20368,Sur,False,1
20369,Sur,False,1
20370,Sur,False,1
20371,Sur,False,1
20372,Sur,False,1
20373,Sur,False,1
20374,Sur,False,1
20375,Sur,False,1
20376,Sur,False,1
20377,Sur,False,1
20378,Sur,False,1
20379,Sur,False,1
20380,Sur,False,1
20381,Sur,False,1
20382,Sur,False,1
20383,Sur,False,1
20384,Sur,False,1
20385,Sur,False,3
20386,Sur,False,1
20387,Sur,False,1
20388,Sur,False,1
20389,Sur,False,1
20390,Sur,False,2
20391,Sur,False,1
20392,Sur,False,1
20393,Sur,False,1
20394,Sur,False,1
20395,Sur,False,1
20396,Sur,False,1
20397,Sur,False,2
20398,Sur,False,1
20399,Sur,False,2
20400,Sur,False,1
20401,Sur,False,2
20402,Sur,False,1
20403,Sur,False,1
20404,Sur,False,1
20405,Sur,False,1
20406,Sur,False,1
20407,Sur,False,1
20408,Sur,False,1
20409,Sur,False,1
20410,Sur,False,1
20411,Sur,False,1
20412,Sur,False,1
20413,Sur,False,2
20414,Sur,False,1
20415,Sur,False,1
20416,Sur,False,1
20417,Sur,False,1
20418,Sur,False,1
20419,Sur,False,1
20420,Sur,False,1
20421,Sur,False,1
20422,Sur,False,1
20423,Sur,False,1
20424,Sur,False,1
20425,Sur,False,1
20426,Sur,False,1
20427,Sur,False,1
20428,Sur,False,1
20429,Sur,False,1
20430,Sur,False,1
20431,Sur,False,1
20432,Sur,False,1
20433,Sur,False,1
20434,Sur,False,1
20435,Sur,False,1
20436,Sur,False,1
20437,Sur,False,1
20438,Sur,False,1
20439,Sur,False,2
20440,Sur,False,1
20441,Sur,False,1
20442,Sur,False,1
20443,Sur,False,1
20444,Sur,False,1
20445,Sur,False,1
20446,Sur,False,1
20447,Sur,False,1
20448,Sur,False,1
20449,Sur,False,1
20450,Sur,False,1
20451,Sur,False,1
20452,Sur,False,1
20453,Sur,False,1
20454,Sur,False,1
20455,Sur,False,1
20456,Sur,False,1
20457,Sur,False,1
20458,Sur,False,1
20459,Sur,False,1
20460,Sur,False,1
20461,Sur,False,1
20462,Sur,False,1
20463,Sur,False,1
20464,Sur,False,1
20465,Sur,False,1
20466,Sur,False,1
20467,Sur,False,1
20468,Sur,False,1
20469,Sur,False,2
20470,Sur,False,1
20471,Sur,False,1
20472,Sur,False,1
20473,Sur,False,1
20474,Sur,False,1
20475,Sur,False,1
20476,Sur,False,1
20477,Sur,False,1
20478,Sur,False,1
20479,Sur,False,1
20480,Sur,False,1
20481,Sur,False,1
20482,Sur,False,2
20483,Sur,False,1
20484,Sur,False,1
20485,Sur,False,1
20486,Sur,False,1
20487,Sur,False,1
20488,Sur,False,1
20489,Sur,False,1
20490,Sur,False,1
20491,Sur,False,1
20492,Sur,False,1
20493,Sur,False,1
20494,Sur,False,1
20495,Sur,False,1
20496,Sur,False,1
20497,Sur,False,1
20498,Sur,False,1
20499,Sur,False,1
20500,Sur,False,1
20501,Sur,False,1
20502,Sur,False,1
20503,Sur,False,1
20504,Sur,False,1
20505,Sur,False,1
20506,Sur,False,1
20507,Sur,False,1
20508,Sur,False,1
20509,Sur,False,1
20510,Sur,False,1
20511,Sur,False,1
20512,Sur,False,1
20513,Sur,False,1
20514,Sur,False,1
20515,Sur,False,2
20516,Sur,False,1
20517,Sur,False,1
20518,Sur,False,1
20519,Sur,False,1
20520,Sur,False,1
20521,Sur,False,1
20522,Sur,False,1
20523,Sur,False,1
20524,Sur,False,1
20525,Sur,False,1
20526,Sur,False,1
20527,Sur,False,1
20528,Sur,False,1
20529,Sur,False,1
20530,Sur,False,1
20531,Sur,False,1
20532,Sur,False,1
20533,Sur,False,1
20534,Sur,False,1
20535,Sur,False,1
20536,Sur,False,1
20537,Sur,False,1
20538,Sur,False,1
20539,Sur,False,1
20540,Sur,False,1
20541,Sur,False,1
20542,Sur,False,1
20543,Sur,False,1
20544,Sur,False,1
20545,Sur,False,1
20546,Sur,False,1
20547,Sur,False,1
20548,Sur,False,1
20549,Sur,False,1
20550,Sur,False,1
20551,Sur,False,2
20552,Sur,False,1
20553,Sur,False,1
20554,Sur,False,1
20555,Sur,False,1
20556,Sur,False,1
20557,Sur,False,1
20558,Sur,False,1
20559,Sur,False,1
20560,Sur,False,1
20561,Sur,False,1
20562,Sur,False,1
20563,Sur,False,1
20564,Sur,False,1
20565,Sur,False,2
20566,Sur,False,1
20567,Sur,False,1
20568,Sur,False,1
20569,Sur,False,1
20570,Sur,False,1
21001,Centro,False,2
21002,Centro,False,1
21003,Centro,False,2
21004,Centro,False,2
21005,Centro,False,1
21006,Centro,False,1
21007,Centro,False,1
21008,Centro,False,1
21009,Centro,False,1
21010,Centro,False,2
21011,Centro,False,1
21012,Centro,False,1
21013,Centro,False,1
21014,Centro,False,1
21015,Centro,False,3
21016,Centro,False,1
21017,Centro,False,2
21018,Centro,False,1
21019,Centro,False,3
21020,Centro,False,1
21021,Centro,False,1
21022,Centro,False,1
21023,Centro,False,1
21024,Centro,False,1
21025,Centro,False,1
21026,Centro,False,1
21027,Centro,False,1
21028,Centro,False,1
21029,Centro,False,1
21030,Centro,False,1
21031,Centro,False,1
21032,Centro,False,1
21033,Centro,False,1
21034,Centro,False,2
21035,Centro,False,1
21036,Centro,False,1
21037,Centro,False,1
21038,Centro,False,1
21039,Centro,False,1
21040,Centro,False,1
21041,Centro,False,3
21042,Centro,False,1
21043,Centro,False,2
21044,Centro,False,1
21045,Centro,False,2
21046,Centro,False,1
21047,Centro,False,1
21048,Centro,False,1
21049,Centro,False,1
21050,Centro,False,2
21051,Centro,False,2
21052,Centro,False,1
21053,Centro,False,2
21054,Centro,False,2
21055,Centro,False,1
21056,Centro,False,1
21057,Centro,False,1
21058,Centro,False,1
21059,Centro,False,1
21060,Centro,False,1
21061,Centro,False,1
21062,Centro,False,1
21063,Centro,False,1
21064,Centro,False,1
21065,Centro,False,1
21066,Centro,False,1
21067,Centro,False,1
21068,Centro,False,1
21069,Centro,False,2
21070,Centro,False,1
21071,Centro,False,3
21072,Centro,False,1
21073,Centro,False,1
21074,Centro,False,2
21075,Centro,False,1
21076,Centro,False,2
21077,Centro,False,1
21078,Centro,False,1
21079,Centro,False,1
21080,Centro,False,1
21081,Centro,False,1
21082,Centro,False,1
21083,Centro,False,2
21084,Centro,False,1
21085,Centro,False,2
21086,Centro,False,1
21087,Centro,False,1
21088,Centro,False,1
21089,Centro,False,1
21090,Centro,False,1
21091,Centro,False,1
21092,Centro,False,1
21093,Centro,False,1
21094,Centro,False,2
21095,Centro,False,1
21096,Centro,False,1
21097,Centro,False,1
21098,Centro,False,1
21099,Centro,False,1
21100,Centro,False,1
21101,Centro,False,1
21102,Centro,False,1
21103,Centro,False,1
21104,Centro,False,2
21105,Centro,False,1
21106,Centro,False,2
21107,Centro,False,1
21108,Centro,False,1
21109,Centro,False,1
21110,Centro,False,2
21111,Centro,False,1
21112,Centro,False,1
21113,Centro,False,1
21114,Centro,False,5
21115,Centro,False,2
21116,Centro,False,1
21117,Centro,False,1
21118,Centro,False,2
21119,Centro,False,3
21120,Centro,False,1
21121,Centro,False,1
21122,Centro,False,1
21123,Centro,False,1
21124,Centro,False,1
21125,Centro,False,1
21126,Centro,False,1
21127,Centro,False,1
21128,Centro,False,1
21129,Centro,False,1
21130,Centro,False,1
21131,Centro,False,1
21132,Centro,False,3
21133,Centro,False,1
21134,Centro,False,1
21135,Centro,False,1
21136,Centro,False,1
21137,Centro,False,1
21138,Centro,False,1
21139,Centro,False,1
21140,Centro,False,3
21141,Centro,False,1
21142,Centro,False,2
21143,Centro,False,2
21144,Centro,False,1
21145,Centro,False,1
21146,Centro,False,1
21147,Centro,False,1
21148,Centro,False,1
21149,Centro,False,2
21150,Centro,False,1
21151,Centro,False,1
21152,Centro,False,1
21153,Centro,False,1
21154,Centro,False,2
21155,Centro,False,1
21156,Centro,False,3
21157,Centro,False,1
21158,Centro,False,1
21159,Centro,False,1
21160,Centro,False,1
21161,Centro,False,1
21162,Centro,False,1
21163,Centro,False,1
21164,Centro,False,2
21165,Centro,False,1
21166,Centro,False,1
21167,Centro,False,1
21168,Centro,False,1
21169,Centro,False,1
21170,Centro,False,1
21171,Centro,False,1
21172,Centro,False,2
21173,Centro,False,1
21174,Centro,False,3
21175,Centro,False,1
21176,Centro,False,1
21177,Centro,False,2
21178,Centro,False,1
21179,Centro,False,2
21180,Centro,False,2
21181,Centro,False,1
21182,Centro,False,1
21183,Centro,False,1
21184,Centro,False,1
21185,Centro,False,1
21186,Centro,False,2
21187,Centro,False,1
21188,Centro,False,1
21189,Centro,False,1
21190,Centro,False,1
21191,Centro,False,1
21192,Centro,False,1
21193,Centro,False,1
21194,Centro,False,2
21195,Centro,False,2
21196,Centro,False,1
21197,Centro,False,2
21198,Centro,False,1
21199,Centro,False,2
21200,Centro,False,1
21201,Centro,False,1
21202,Centro,False,1
21203,Centro,False,1
21204,Centro,False,1
21205,Centro,False,2
21206,Centro,False,1
21207,Centro,False,2
21208,Centro,False,2
21209,Centro,False,1
21210,Centro,False,1
21211,Centro,False,1
21212,Centro,False,1
21213,Centro,False,1
21214,Centro,False,1
21215,Centro,False,1
21216,Centro,False,1
21217,Centro,False,1
22001,Centro,True,2
22002,Centro,True,2
22003,Centro,True,1
22004,Centro,True,2
22005,Centro,True,2
22006,Centro,True,3
22007,Centro,True,2
22008,Centro,True,2
22009,Centro,True,2
22010,Centro,True,1
22011,Centro,True,3
22012,Centro,True,2
22013,Centro,True,1
22014,Centro,True,5
22015,Centro,True,1
22016,Centro,True,3
22017,Centro,True,2
22018,Centro,True,2
23001,Sur,False,2
23002,Sur,False,2
23003,Sur,False,1
23004,Sur,False,3
23005,Sur,False,4
23006,Sur,False,2
23007,Sur,False,2
23008,Sur,False,3
23009,Sur,False,2
23010,Sur,False,2
23011,Sur,False,2
24001,Centro-Norte,True,1
24002,Centro-Norte,False,1
24003,Centro-Norte,False,2
24004,Centro-Norte,True,1
24005,Centro-Norte,False,1
24006,Centro-Norte,False,1
24007,Centro-Norte,False,1
24008,Centro-Norte,False,1
24009,Centro-Norte,True,1
24010,Centro-Norte,False,2
24011,Centro-Norte,False,2
24012,Centro-Norte,False,1
24013,Centro-Norte,False,3
24014,Centro-Norte,False,1
24015,Centro-Norte,False,1
24016,Centro-Norte,False,2
24017,Centro-Norte,True,2
24018,Centro-Norte,False,1
24019,Centro-Norte,False,1
24020,Centro-Norte,False,3
24021,Centro-Norte,True,2
24022,Centro-Norte,True,1
24023,Centro-Norte,False,1
24024,Centro-Norte,False,2
24025,Centro-Norte,False,2
24026,Centro-Norte,False,1
24027,Centro-Norte,False,1
24028,Centro-Norte,True,4
24029,Centro-Norte,False,1
24030,Centro-Norte,False,1
24031,Centro-Norte,False,1
24032,Centro-Norte,True,2
24033,Centro-Norte,False,1
24034,Centro-Norte,False,1
24035,Centro-Norte,True,3
24036,Centro-Norte,False,2
24037,Centro-Norte,False,2
24038,Centro-Norte,False,1
24039,Centro-Norte,False,1
24040,Centro-Norte,False,2
24041,Centro-Norte,False,1
24042,Centro-Norte,False,1
24043,Centro-Norte,False,1
24044,Centro-Norte,False,1
24045,Centro-Norte,False,1
24046,Centro-Norte,True,1
24047,Centro-Norte,False,1
24048,Centro-Norte,False,1
24049,Centro-Norte,False,2
24050,Centro-Norte,True,2
24051,Centro-Norte,True,1
24052,Centro-Norte,True,1
24053,Centro-Norte,False,2
24054,Centro-Norte,False,2
24055,Centro-Norte,True,2
24056,Centro-Norte,False,1
24057,Centro-Norte,False,2
24058,Centro-Norte,False,1
24059,Centro-Norte,False,0
25001,Norte-Occidente,False,3
25002,Norte-Occidente,False,2
25003,Norte-Occidente,False,2
25004,Norte-Occidente,False,2
25005,Norte-Occidente,False,1
25006,Norte-Occidente,False,5
25007,Norte-Occidente,False,2
25008,Norte-Occidente,False,2
25009,Norte-Occidente,False,2
25010,Norte-Occidente,False,2
25011,Norte-Occidente,False,3
25012,Norte-Occidente,False,4
25013,Norte-Occidente,False,2
25014,Norte-Occidente,False,2
25015,Norte-Occidente,False,2
25016,Norte-Occidente,False,1
25017,Norte-Occidente,False,2
25018,Norte-Occidente,False,3
25019,Norte-Occidente,False,0
25020,Norte-Occidente,False,0
26001,Norte,False,1
26002,Norte,False,2
26003,Norte,False,2
26004,Norte,False,1
26005,Norte,False,1
26006,Norte,False,1
26007,Norte,False,1
26008,Norte,False,1
26009,Norte,False,1
26010,Norte,False,1
26011,Norte,False,1
26012,Norte,False,1
26013,Norte,False,1
26014,Norte,False,1
26015,Norte,False,1
26016,Norte,False,1
26017,Norte,False,2
26018,Norte,False,3
26019,Norte,False,2
26020,Norte,False,1
26021,Norte,False,1
26022,Norte,False,1
26023,Norte,False,1
26024,Norte,False,1
26025,Norte,False,2
26026,Norte,False,2
26027,Norte,False,1
26028,Norte,False,1
26029,Norte,False,3
26030,Norte,False,4
26031,Norte,False,1
26032,Norte,False,1
26033,Norte,False,2
26034,Norte,False,1
26035,Norte,False,1
26036,Norte,False,2
26037,Norte,False,1
26038,Norte,False,1
26039,Norte,False,1
26040,Norte,False,1
26041,Norte,False,1
26042,Norte,False,3
26043,Norte,False,3
26044,Norte,False,1
26045,Norte,False,1
26046,Norte,False,1
26047,Norte,False,1
26048,Norte,False,2
26049,Norte,False,1
26050,Norte,False,1
26051,Norte,False,1
26052,Norte,False,1
26053,Norte,False,1
26054,Norte,False,1
26055,Norte,False,3
26056,Norte,False,1
26057,Norte,False,1
26058,Norte,False,1
26059,Norte,False,1
26060,Norte,False,1
26061,Norte,False,1
26062,Norte,False,1
26063,Norte,False,1
26064,Norte,False,1
26065,Norte,False,1
26066,Norte,False,1
26067,Norte,False,1
26068,Norte,False,1
26069,Norte,False,1
26070,Norte,False,1
26071,Norte,False,1
26072,Norte,False,1
27001,Sur,False,2
27002,Sur,False,3
27003,Sur,False,3
27004,Sur,False,4
27005,Sur,False,3
27006,Sur,False,3
27007,Sur,False,2
27008,Sur,False,3
27009,Sur,False,2
27010,Sur,False,2
27011,Sur,False,2
27012,Sur,False,3
27013,Sur,False,3
27014,Sur,False,2
27015,Sur,False,2
27016,Sur,False,2
27017,Sur,False,2
28001,Norte,False,1
28002,Norte,False,2
28003,Norte,False,3
28004,Norte,False,1
28005,Norte,False,1
28006,Norte,False,1
28007,Norte,False,1
28008,Norte,False,1
28009,Norte,False,3
28010,Norte,False,1
28011,Norte,False,1
28012,Norte,False,2
28013,Norte,False,1
28014,Norte,False,1
28015,Norte,False,1
28016,Norte,False,1
28017,Norte,False,1
28018,Norte,False,1
28019,Norte,False,1
28020,Norte,False,1
28021,Norte,False,3
28022,Norte,False,4
28023,Norte,False,1
28024,Norte,False,1
28025,Norte,False,2
28026,Norte,False,1
28027,Norte,False,3
28028,Norte,False,1
28029,Norte,False,1
28030,Norte,False,1
28031,Norte,False,1
28032,Norte,False,4
28033,Norte,False,3
28034,Norte,False,1
28035,Norte,False,2
28036,Norte,False,1
28037,Norte,False,1
28038,Norte,False,3
28039,Norte,False,2
28040,Norte,False,2
28041,Norte,False,3
28042,Norte,False,1
28043,Norte,False,1
29001,Centro,False,1
29002,Centro,False,1
29003,Centro,False,1
29004,Centro,False,1
29005,Centro,False,2
29006,Centro,False,2
29007,Centro,False,1
29008,Centro,False,1
29009,Centro,False,1
29010,Centro,False,2
29011,Centro,False,1
29012,Centro,False,1
29013,Centro,False,3
29014,Centro,False,1
29015,Centro,False,2
29016,Centro,False,1
29017,Centro,False,1
29018,Centro,False,2
29019,Centro,False,1
29020,Centro,False,1
29021,Centro,False,1
29022,Centro,False,1
29023,Centro,False,2
29024,Centro,False,2
29025,Centro,False,2
29026,Centro,False,1
29027,Centro,False,1
29028,Centro,False,2
29029,Centro,False,1
29030,Centro,False,1
29031,Centro,False,2
29032,Centro,False,1
29033,Centro,False,3
29034,Centro,False,2
29035,Centro,False,1
29036,Centro,False,1
29037,Centro,False,1
29038,Centro,False,1
29039,Centro,False,2
29040,Centro,False,1
29041,Centro,False,2
29042,Centro,False,1
29043,Centro,False,2
29044,Centro,False,2
29045,Centro,False,1
29046,Centro,False,1
29047,Centro,False,1
29048,Centro,False,1
29049,Centro,False,1
29050,Centro,False,1
29051,Centro,False,1
29052,Centro,False,1
29053,Centro,False,1
29054,Centro,False,1
29055,Centro,False,1
29056,Centro,False,1
29057,Centro,False,1
29058,Centro,False,1
29059,Centro,False,1
29060,Centro,False,1
30001,Sur,False,1
30002,Sur,False,1
30003,Sur,False,2
30004,Sur,False,2
30005,Sur,False,1
30006,Sur,False,1
30007,Sur,False,1
30008,Sur,False,1
30009,Sur,False,2
30010,Sur,False,2
30011,Sur,False,2
30012,Sur,False,1
30013,Sur,False,2
30014,Sur,False,2
30015,Sur,False,2
30016,Sur,False,2
30017,Sur,False,1
30018,Sur,False,1
30019,Sur,False,1
30020,Sur,False,1
30021,Sur,False,1
30022,Sur,False,1
30023,Sur,False,2
30024,Sur,False,1
30025,Sur,False,2
30026,Sur,False,2
30027,Sur,False,1
30028,Sur,False,3
30029,Sur,False,1
30030,Sur,False,2
30031,Sur,False,1
30032,Sur,False,2
30033,Sur,False,1
30034,Sur,False,2
30035,Sur,False,1
30036,Sur,False,1
30037,Sur,False,1
30038,Sur,False,2
30039,Sur,False,3
30040,Sur,False,2
30041,Sur,False,1
30042,Sur,False,1
30043,Sur,False,1
30044,Sur,False,3
30045,Sur,False,2
30046,Sur,False,1
30047,Sur,False,2
30048,Sur,False,3
30049,Sur,False,1
30050,Sur,False,1
30051,Sur,False,1
30052,Sur,False,1
30053,Sur,False,2
30054,Sur,False,1
30055,Sur,False,1
30056,Sur,False,1
30057,Sur,False,1
30058,Sur,False,2
30059,Sur,False,1
30060,Sur,False,1
30061,Sur,False,2
30062,Sur,False,1
30063,Sur,False,1
30064,Sur,False,1
30065,Sur,False,2
30066,Sur,False,2
30067,Sur,False,1
30068,Sur,False,2
30069,Sur,False,1
30070,Sur,False,1
30071,Sur,False,2
30072,Sur,False,1
30073,Sur,False,2
30074,Sur,False,1
30075,Sur,False,1
30076,Sur,False,1
30077,Sur,False,2
30078,Sur,False,1
30079,Sur,False,1
30080,Sur,False,1
30081,Sur,False,2
30082,Sur,False,1
30083,Sur,False,2
30084,Sur,False,1
30085,Sur,False,2
30086,Sur,False,2
30087,Sur,False,3
30088,Sur,False,1
30089,Sur,False,2
30090,Sur,False,1
30091,Sur,False,2
30092,Sur,False,2
30093,Sur,False,1
30094,Sur,False,2
30095,Sur,False,1
30096,Sur,False,1
30097,Sur,False,1
30098,Sur,False,1
30099,Sur,False,1
30100,Sur,False,1
30101,Sur,False,2
30102,Sur,False,3
30103,Sur,False,1
30104,Sur,False,1
30105,Sur,False,2
30106,Sur,False,1
30107,Sur,False,1
30108,Sur,False,3
30109,Sur,False,2
30110,Sur,False,1
30111,Sur,False,1
30112,Sur,False,1
30113,Sur,False,1
30114,Sur,False,1
30115,Sur,False,2
30116,Sur,False,1
30117,Sur,False,1
30118,Sur,False,3
30119,Sur,False,1
30120,Sur,False,1
30121,Sur,False,1
30122,Sur,False,1
30123,Sur,False,2
30124,Sur,False,3
30125,Sur,False,2
30126,Sur,False,2
30127,Sur,False,2
30128,Sur,False,2
30129,Sur,False,1
30130,Sur,False,2
30131,Sur,False,3
30132,Sur,False,1
30133,Sur,False,2
30134,Sur,False,1
30135,Sur,False,1
30136,Sur,False,1
30137,Sur,False,1
30138,Sur,False,2
30139,Sur,False,1
30140,Sur,False,1
30141,Sur,False,3
30142,Sur,False,2
30143,Sur,False,2
30144,Sur,False,2
30145,Sur,False,1
30146,Sur,False,1
30147,Sur,False,2
30148,Sur,False,2
30149,Sur,False,2
30150,Sur,False,1
30151,Sur,False,1
30152,Sur,False,1
30153,Sur,False,1
30154,Sur,False,1
30155,Sur,False,3
30156,Sur,False,1
30157,Sur,False,1
30158,Sur,False,1
30159,Sur,False,2
30160,Sur,False,3
30161,Sur,False,2
30162,Sur,False,1
30163,Sur,False,1
30164,Sur,False,1
30165,Sur,False,1
30166,Sur,False,1
30167,Sur,False,1
30168,Sur,False,1
30169,Sur,False,1
30170,Sur,False,1
30171,Sur,False,1
30172,Sur,False,1
30173,Sur,False,2
30174,Sur,False,2
30175,Sur,False,2
30176,Sur,False,1
30177,Sur,False,1
30178,Sur,False,1
30179,Sur,False,1
30180,Sur,False,1
30181,Sur,False,2
30182,Sur,False,1
30183,Sur,False,2
30184,Sur,False,1
30185,Sur,False,1
30186,Sur,False,1
30187,Sur,False,1
30188,Sur,False,1
30189,Sur,False,3
30190,Sur,False,1
30191,Sur,False,2
30192,Sur,False,1
30193,Sur,False,4
30194,Sur,False,1
30195,Sur,False,1
30196,Sur,False,1
30197,Sur,False,1
30198,Sur,False,1
30199,Sur,False,1
30200,Sur,False,1
30201,Sur,False,2
30202,Sur,False,1
30203,Sur,False,1
30204,Sur,False,2
30205,Sur,False,1
30206,Sur,False,2
30207,Sur,False,2
30208,Sur,False,1
30209,Sur,False,1
30210,Sur,False,2
30211,Sur,False,2
30212,Sur,False,1
31001,Sur,False,1
31002,Sur,False,1
31003,Sur,False,1
31004,Sur,False,1
31005,Sur,False,1
31006,Sur,False,1
31007,Sur,False,1
31008,Sur,False,1
31009,Sur,False,1
31010,Sur,False,1
31011,Sur,False,1
31012,Sur,False,1
31013,Sur,False,1
31014,Sur,False,1
31015,Sur,False,1
31016,Sur,False,1
31017,Sur,False,1
31018,Sur,False,1
31019,Sur,False,2
31020,Sur,False,1
31021,Sur,False,1
31022,Sur,False,1
31023,Sur,False,1
31024,Sur,False,1
31025,Sur,False,1
31026,Sur,False,1
31027,Sur,False,1
31028,Sur,False,1
31029,Sur,False,1
31030,Sur,False,1
31031,Sur,False,1
31032,Sur,False,1
31033,Sur,False,1
31034,Sur,False,1
31035,Sur,False,1
31036,Sur,False,1
31037,Sur,False,1
31038,Sur,False,2
31039,Sur,False,1
31040,Sur,False,2
31041,Sur,False,3
31042,Sur,False,1
31043,Sur,False,1
31044,Sur,False,1
31045,Sur,False,1
31046,Sur,False,1
31047,Sur,False,1
31048,Sur,False,1
31049,Sur,False,1
31050,Sur,False,5
31051,Sur,False,1
31052,Sur,False,2
31053,Sur,False,1
31054,Sur,False,1
31055,Sur,False,1
31056,Sur,False,2
31057,Sur,False,1
31058,Sur,False,2
31059,Sur,False,2
31060,Sur,False,1
31061,Sur,False,1
31062,Sur,False,1
31063,Sur,False,1
31064,Sur,False,1
31065,Sur,False,1
31066,Sur,False,1
31067,Sur,False,1
31068,Sur,False,1
31069,Sur,False,1
31070,Sur,False,1
31071,Sur,False,1
31072,Sur,False,1
31073,Sur,False,1
31074,Sur,False,1
31075,Sur,False,1
31076,Sur,False,1
31077,Sur,False,1
31078,Sur,False,1
31079,Sur,False,2
31080,Sur,False,1
31081,Sur,False,1
31082,Sur,False,1
31083,Sur,False,1
31084,Sur,False,1
31085,Sur,False,1
31086,Sur,False,1
31087,Sur,False,1
31088,Sur,False,1
31089,Sur,False,2
31090,Sur,False,1
31091,Sur,False,1
31092,Sur,False,1
31093,Sur,False,1
31094,Sur,False,1
31095,Sur,False,1
31096,Sur,False,2
31097,Sur,False,1
31098,Sur,False,1
31099,Sur,False,1
31100,Sur,False,1
31101,Sur,False,2
31102,Sur,False,2
31103,Sur,False,1
31104,Sur,False,1
31105,Sur,False,1
31106,Sur,False,1
32001,Norte-Occidente,True,1
32002,Norte-Occidente,True,1
32003,Norte-Occidente,True,1
32004,Norte-Occidente,True,1
32005,Norte-Occidente,True,2
32006,Norte-Occidente,True,1
32007,Norte-Occidente,False,1
32008,Norte-Occidente,True,1
32009,Norte-Occidente,True,1
32010,Norte-Occidente,True,3
32011,Norte-Occidente,False,1
32012,Norte-Occidente,True,1
32013,Norte-Occidente,True,1
32014,Norte-Occidente,False,1
32015,Norte-Occidente,True,1
32016,Norte-Occidente,True,1
32017,Norte-Occidente,True,3
32018,Norte-Occidente,True,1
32019,Norte-Occidente,True,2
32020,Norte-Occidente,True,2
32021,Norte-Occidente,False,1
32022,Norte-Occidente,False,1
32023,Norte-Occidente,True,1
32024,Norte-Occidente,False,2
32025,Norte-Occidente,True,1
32026,Norte-Occidente,False,1
32027,Norte-Occidente,False,1
32028,Norte-Occidente,False,1
32029,Norte-Occidente,False,1
32030,Norte-Occidente,True,1
32031,Norte-Occidente,False,1
32032,Norte-Occidente,False,1
32033,Norte-Occidente,False,1
32034,Norte-Occidente,True,2
32035,Norte-Occidente,True,1
32036,Norte-Occidente,True,2
32037,Norte-Occidente,False,1
32038,Norte-Occidente,False,2
32039,Norte-Occidente,False,2
32040,Norte-Occidente,False,1
32041,Norte-Occidente,False,1
32042,Norte-Occidente,False,2
32043,Norte-Occidente,False,1
32044,Norte-Occidente,True,1
32045,Norte-Occidente,True,1
32046,Norte-Occidente,False,1
32047,Norte-Occidente,True,1
32048,Norte-Occidente,True,2
32049,Norte-Occidente,False,2
32050,Norte-Occidente,False,1
32051,Norte-Occidente,False,2
32052,Norte-Occidente,False,1
32053,Norte-Occidente,False,1
32054,Norte-Occidente,False,1
32055,Norte-Occidente,False,2
32056,Norte-Occidente,True,3
32057,Norte-Occidente,True,1
32058,Norte-Occidente,False,1
